x,y,z,timestamp,walking_direction
0.73716736,-3.6793976,-0.5098572,0,0
0.48098755,-3.7847443,-0.53619385,10,0
0.40437317,-3.806305,-0.45718384,20,0
0.10270691,-4.246826,0.04081726,30,0
-0.08404541,-4.6155396,0.3209381,40,0
-0.63949585,-6.365692,1.4581909,50,0
-0.6490631,-7.0193176,2.063919,60,0
-1.0513,-9.205215,4.383896,70,0
-1.1183319,-10.969757,6.4644623,80,0
-1.0584717,-12.071075,7.4293213,90,0
-2.1286926,-16.806808,10.311935,100,0
-5.3656464,-20.457977,12.165054,110,0
-7.079895,-21.212143,12.648682,120,0
-7.917862,-17.766891,11.406097,130,0
-7.127777,-15.815613,10.280823,140,0
-4.4175415,-10.294586,6.404602,150,0
-2.7344208,-7.9362946,4.1061707,160,0
-2.0065765,-7.7112427,2.66008,170,0
0.739563,-11.881943,-3.921585,180,0
1.9797668,-14.426971,-5.513733,190,0
4.795349,-21.267212,-5.6430206,200,0
3.9741364,-22.754013,-5.1522064,210,0
2.9972992,-15.691116,-1.3071136,220,0
3.854416,-6.253174,5.7150726,230,0
3.732315,-2.8797455,7.2042694,240,0
3.526413,0.51524353,5.8970337,250,0
3.4689636,-1.2469025,3.5578918,260,0
3.9932861,-2.099228,1.7311249,270,0
4.9078674,-5.123108,-4.7882843,280,0
4.534378,-6.253174,-6.327759,290,0
2.0539856,-10.639343,-7.5727386,300,0
-0.2516327,-13.565063,-7.012497,310,0
-1.6354828,-15.157211,-4.1011505,320,0
-2.7535706,-15.023132,0.09109497,330,0
-3.218048,-14.455704,1.779007,340,0
-3.1342468,-10.62738,1.9657593,350,0
-3.060028,-9.727158,1.4533997,360,0
-2.5381012,-8.245148,0.41670227,370,0
-1.7144928,-7.2515564,-0.928833,380,0
-1.0919952,-6.739197,-2.4132385,390,0
-0.5676727,-6.6242676,-3.588791,400,0
-0.11994934,-7.198883,-4.1993103,410,0
-0.13671875,-8.568359,-3.9981995,420,0
-0.48866272,-10.081497,-2.2600098,430,0
-0.6490631,-10.356827,-0.21057129,440,0
-0.71850586,-9.851654,0.92427063,450,0
-0.20135498,-8.841309,1.395935,460,0
-0.3378296,-8.747925,1.4007263,470,0
-0.47668457,-8.84848,0.98413086,480,0
-0.22769165,-8.539642,0.40473938,490,0
-0.28515625,-8.369644,-0.22015381,500,0
-0.47668457,-8.106277,-0.710968,510,0
-0.9555359,-7.9865723,-1.0102386,520,0
-1.2476196,-8.075165,-1.1754456,530,0
-1.3673248,-8.2642975,-1.1562805,540,0
-1.4918365,-9.195648,-0.9168701,550,0
-1.324234,-9.715195,-0.4954834,560,0
-1.0680542,-9.73674,-0.021438599,570,0
-0.7448425,-9.540405,0.42388916,580,0
-0.56048584,-9.238739,1.3360748,590,0
-0.38331604,-8.977768,1.5683136,600,0
-1.4176025,-9.478165,0.9865265,610,0
-2.7224426,-9.760681,0.7734375,620,0
-3.510147,-10.213181,0.38557434,630,0
-4.3696594,-10.277832,-0.37817383,640,0
-4.723999,-10.84285,-0.9671478,650,0
-4.6617584,-11.563507,-0.44281006,660,0
-3.8836365,-11.826874,0.39994812,670,0
-3.2779083,-11.939407,1.1708832,680,0
-2.8828583,-11.47493,1.8053436,690,0
-3.8094177,-12.664841,2.0806732,700,0
-4.518097,-14.053482,1.8053436,710,0
-4.4654236,-14.582596,1.0631409,720,0
-4.1853027,-14.431763,0.06236267,730,0
-3.9243317,-13.775757,-0.91207886,740,0
-3.687317,-13.280151,-1.2304993,750,0
-2.0999603,-12.638504,-1.2496643,760,0
-0.49822998,-13.440567,-0.77560425,770,0
1.328537,-15.097351,0.3065796,780,0
3.8855438,-16.146011,1.3528442,790,0
6.3348236,-16.26094,1.2474976,800,0
7.4145966,-15.810822,-0.12199402,810,0
6.483261,-14.673584,-2.0804443,820,0
4.0268097,-13.328033,-3.528946,830,0
1.3309326,-12.638504,-3.7348328,840,0
-0.82862854,-12.334442,-2.8417969,850,0
-2.6314697,-12.298538,-1.6614685,860,0
-3.510147,-12.245865,-0.4595642,870,0
-3.5436554,-12.138123,0.18685913,880,0
-2.6865387,-11.556335,1.134964,890,0
-1.9347534,-10.639343,0.7111969,900,0
-1.4559174,-9.631393,-0.22015381,910,0
-1.1039734,-8.647369,-1.4459839,920,0
-0.61076355,-7.435913,-2.355774,930,0
-0.5006256,-7.107895,-2.434784,940,0
-0.2899475,-6.463867,-2.2983246,950,0
0.19847107,-5.48703,-1.6877899,960,0
0.9071655,-4.2276764,-0.7444763,970,0
1.0603943,-3.8733368,0.10784912,980,0
1.1417999,-3.7631989,0.4885254,990,0
1.3764191,-3.648285,0.9003296,1000,0
1.8193512,-3.6147614,0.99850464,1010,0
1.8408966,-3.6770172,0.64894104,1020,0
1.778656,-3.6985626,0.39276123,1030,0
1.644577,-3.7368622,-0.1698761,1040,0
1.2231903,-3.9499512,-0.79714966,1050,0
1.1010895,-3.9667053,-0.8091278,1060,0
1.0364532,-4.16304,-0.25128174,1070,0
0.9047699,-4.7543945,0.45262146,1080,0
0.7682953,-5.1805725,0.8668213,1090,0
0.4235382,-6.360916,1.7694244,1100,0
-0.012207031,-7.8141937,2.8037262,1110,0
-0.32824707,-9.274658,4.3144684,1120,0
-0.6753998,-12.018417,6.847534,1130,0
-1.1039734,-14.486832,8.360672,1140,0
-1.8509674,-16.040665,9.119629,1150,0
-6.1796722,-20.11081,11.442001,1160,0
-8.147705,-19.392548,11.980698,1170,0
-8.006454,-16.440506,10.86261,1180,0
-6.6992188,-12.62175,8.767685,1190,0
-5.9067383,-10.675262,7.6352234,1200,0
-3.6825256,-6.0592346,3.9361877,1210,0
-3.0480652,-5.419983,2.5451508,1220,0
-1.4199982,-6.301056,-0.95996094,1230,0
1.3189697,-9.818146,-4.5991516,1240,0
5.523178,-18.714996,-6.0811615,1250,0
5.7458496,-24.353333,-4.8122253,1260,0
4.4936676,-26.129837,-3.9551086,1270,0
0.91433716,-16.22023,1.6593018,1280,0
1.3453064,-7.320984,6.538681,1290,0
1.675705,-3.854187,6.7350006,1300,0
2.858429,0.04597473,4.5131836,1310,0
3.7921753,-1.3833618,2.0806732,1320,0
5.566284,-2.9467773,-1.6686401,1330,0
6.622116,-4.3138733,-4.9750366,1340,0
5.8966827,-5.807846,-6.6461945,1350,0
3.2941742,-8.982559,-6.4570465,1360,0
0.6342163,-13.009613,-4.85054,1370,0
-1.592392,-15.796463,-2.5832214,1380,0
-3.7399902,-16.035873,0.55078125,1390,0
-4.546829,-15.193115,1.8197021,1400,0
-4.585144,-10.754272,1.8316803,1410,0
-3.6849213,-8.515686,0.8452606,1420,0
-2.4662628,-7.3114166,-0.5936432,1430,0
-1.6666107,-6.578781,-2.3366241,1440,0
-1.0489044,-6.1837463,-3.866516,1450,0
-0.31626892,-6.3513336,-4.7643433,1460,0
0.30381775,-7.4694214,-4.639847,1470,0
0.49775696,-9.40155,-2.4132385,1480,0
0.34692383,-10.026428,-1.5321808,1490,0
0.02848816,-10.162903,0.5627594,1500,0
-0.2899475,-9.784622,1.4438171,1510,0
-0.08882141,-9.147766,1.9106903,1520,0
-0.3665619,-9.107056,1.858017,1530,0
-0.3306427,-9.0065,1.0344086,1540,0
-0.39527893,-8.901154,0.6178131,1550,0
-0.5269623,-8.623428,-0.9791107,1560,0
-0.5485077,-8.331345,-1.6949768,1570,0
-0.63230896,-8.146988,-1.8601837,1580,0
-0.6849823,-8.39119,-1.5249939,1590,0
-0.9004669,-8.805389,-0.39013672,1600,0
-0.9004669,-9.123825,0.3784027,1610,0
-0.9004669,-9.123825,0.3784027,1620,0
-0.41204834,-8.98735,1.3552399,1630,0
-0.44555664,-9.463791,1.4462128,1640,0
-0.7328644,-9.846863,0.838089,1650,0
-0.62991333,-9.547592,0.5244446,1660,0
-3.1127014,-10.885956,0.39276123,1670,0
-3.1127014,-10.885956,0.39276123,1680,0
-4.367264,-11.101425,-0.014251709,1690,0
-4.944275,-11.151703,-0.4595642,1700,0
-4.814987,-11.304932,-0.36619568,1710,0
-3.948288,-11.49408,0.22756958,1720,0
-3.4646454,-11.805328,0.8189392,1730,0
-3.5005646,-12.650482,0.8787842,1740,0
-3.8046265,-13.375916,0.6680908,1750,0
-4.036865,-14.889053,-0.39253235,1760,0
-3.8908234,-15.03511,-0.7229309,1770,0
-3.8788452,-14.582596,-0.9216461,1780,0
-3.7567444,-14.273743,-0.9719238,1790,0
-2.6769562,-14.3910675,-0.5242157,1800,0
-0.57724,-15.075806,0.27305603,1810,0
0.6701355,-15.4900055,0.8332977,1820,0
5.602188,-15.492401,2.478119,1830,0
8.300461,-14.83638,2.0064545,1840,0
8.9947815,-14.000809,0.11024475,1850,0
7.553467,-12.961731,-2.0062256,1860,0
4.553528,-12.016022,-3.2751465,1870,0
1.5775299,-11.565903,-2.805893,1880,0
-0.90763855,-11.436615,-1.675827,1890,0
-2.8158264,-11.558716,-1.2065582,1900,0
-3.9698334,-11.89151,-0.63674927,1910,0
-4.039261,-12.140518,0.1796875,1920,0
-2.9187775,-11.757446,0.6345825,1930,0
-2.174179,-11.096649,0.13897705,1940,0
-1.8294067,-10.217972,-0.9432068,1950,0
-1.7695618,-9.856445,-1.7787781,1960,0
-1.2763519,-9.300995,-2.24086,1970,0
-0.7496338,-8.654556,-2.3605652,1980,0
-0.23487854,-7.890808,-2.0062256,1990,0
0.19847107,-7.0743866,-1.4771118,2000,0
0.8329468,-6.0592346,-0.8067322,2010,0
1.3668518,-5.111145,-0.33506775,2020,0
1.680481,-4.443161,0.10307312,2030,0
1.8121643,-4.055298,0.5531769,2040,0
1.8504791,-3.76799,0.5771179,2050,0
1.7690735,-3.4974518,0.22756958,2060,0
1.4650116,-3.320282,-0.4092865,2070,0
0.95983887,-3.210144,-1.2161407,2080,0
0.81378174,-3.1885986,-1.3526154,2090,0
0.7108307,-3.0712738,-1.2065582,2100,0
0.63661194,-3.0377655,-0.72772217,2110,0
0.3445282,-3.4495544,-0.09805298,2120,0
-0.09121704,-4.3737183,0.6633148,2130,0
-0.3426056,-5.7575684,1.6616974,2140,0
-0.64668274,-7.483795,2.9545593,2150,0
-1.0345306,-9.391968,4.936966,2160,0
-1.0129852,-11.630554,7.199478,2170,0
-0.78074646,-14.563446,8.882599,2180,0
-2.0688324,-18.537827,10.42926,2190,0
-5.423111,-21.645493,12.071686,2200,0
-7.1206055,-19.813934,12.392502,2210,0
-6.292206,-15.15242,10.553757,2220,0
-4.7766724,-10.536392,7.9320984,2230,0
-3.3138123,-6.73201,5.542694,2240,0
-1.9706726,-4.3066864,3.2250977,2250,0
-1.2548065,-4.270767,0.07673645,2260,0
0.3493042,-6.87088,-3.770752,2270,0
3.653305,-12.2482605,-6.4953613,2280,0
6.0690613,-19.074127,-6.756317,2290,0
6.588608,-26.242355,-4.7332153,2300,0
2.7770386,-28.519241,-1.2472687,2310,0
1.0699615,-17.800415,5.6073303,2320,0
1.0388489,-6.918762,7.929718,2330,0
1.7451324,-0.59806824,5.4205933,2340,0
2.7770386,-0.2820282,3.5602875,2350,0
4.630142,-1.5246277,-0.06213379,2360,0
6.6077576,-2.997055,-4.838562,2370,0
6.586212,-4.8334045,-8.013275,2380,0
4.1967926,-7.4622498,-8.853638,2390,0
1.091507,-11.340851,-7.328537,2400,0
-0.6490631,-14.67598,-4.2711487,2410,0
-2.3704987,-16.069397,0.20840454,2420,0
-4.111084,-15.176361,4.0846252,2430,0
-4.0272827,-12.645691,3.7613983,2440,0
-3.5604248,-10.215576,1.6042328,2450,0
-2.2220612,-8.079941,-1.0030518,2460,0
-1.6833649,-7.574768,-2.0325623,2470,0
-0.9100342,-6.858902,-3.7731476,2480,0
-0.7280731,-6.6506042,-4.656601,2490,0
-0.8214569,-7.0983276,-4.8912354,2500,0
-0.62034607,-8.283463,-3.0596771,2510,0
-0.14868164,-9.406342,-0.47633362,2520,0
-0.20614624,-9.77504,0.4765625,2530,0
0.16256714,-9.408737,0.46697998,2540,0
0.3493042,-8.953827,1.0176544,2550,0
0.17932129,-8.934677,1.2115784,2560,0
0.12185669,-8.764694,0.9817352,2570,0
0.05003357,-8.393585,0.4693756,2580,0
0.02609253,-8.067978,-0.019042969,2590,0
-0.8645477,-8.151779,-0.5314026,2600,0
-1.0943909,-8.168533,-0.69659424,2610,0
-1.5540771,-8.37204,-0.8665924,2620,0
-1.9467316,-9.10228,-0.8522186,2630,0
-2.0185547,-9.372818,-0.50027466,2640,0
-1.6426697,-9.403946,0.35923767,2650,0
-1.0728455,-8.779053,1.02005,2660,0
-0.70892334,-8.484573,1.1445465,2670,0
-0.7065277,-8.561188,1.2666473,2680,0
-1.3338165,-8.834122,0.76387024,2690,0
-2.0544739,-9.075943,-0.20578003,2700,0
-3.2036896,-10.112625,-0.22972107,2710,0
-3.8572998,-11.144531,-0.86180115,2720,0
-4.1134796,-11.917847,-1.1706543,2730,0
-4.2595215,-12.3320465,-0.7325134,2740,0
-3.6657715,-12.229095,-0.10282898,2750,0
-2.4638824,-11.269028,1.1517334,2760,0
-2.3178253,-10.929047,1.6521149,2770,0
-3.376068,-11.898697,1.9825134,2780,0
-3.9075775,-12.786942,2.494873,2790,0
-4.056015,-13.363953,2.7247162,2800,0
-4.288254,-13.742233,2.305725,2810,0
-4.4534607,-13.61055,1.4893036,2820,0
-4.1326294,-12.77977,0.77822876,2830,0
-3.1534119,-12.0351715,0.17489624,2840,0
-1.7336426,-12.200363,-0.28479004,2850,0
-0.45513916,-13.732651,-0.56970215,2860,0
1.5535889,-15.375076,-0.58647156,2870,0
4.158493,-16.272903,-0.5146332,2880,0
6.3419952,-16.71344,-0.7923584,2890,0
7.4936066,-16.569794,-1.620758,2900,0
6.368332,-15.875473,-2.6933594,2910,0
3.4138947,-14.668793,-2.9854584,2920,0
0.31100464,-13.814056,-2.4707031,2930,0
-1.8557434,-13.466904,-1.3430328,2940,0
-2.6194916,-13.131714,-0.28718567,2950,0
-2.6889343,-12.784561,0.33529663,2960,0
-2.1215057,-12.056717,0.9817352,2970,0
-1.513382,-11.369583,1.055954,2980,0
-0.9124298,-10.419083,0.33769226,2990,0
-0.78793335,-9.487732,-0.7301178,3000,0
-0.88848877,-8.666534,-1.7261047,3010,0
-0.7927246,-7.9482727,-2.2073364,3020,0
-0.38571167,-7.1294556,-2.3366241,3030,0
0.2008667,-6.131073,-2.0565033,3040,0
0.6126709,-5.3242188,-1.359787,3050,0
1.0101166,-4.562866,-0.6295624,3060,0
1.1777039,-4.2635956,-0.29916382,3070,0
1.2950287,-3.8709412,0.2634735,3080,0
1.3309326,-3.835022,0.4406433,3090,0
1.6062622,-3.7392578,0.6393738,3100,0
1.7140045,-3.6530762,0.45022583,3110,0
1.6421814,-3.4782867,0.17729187,3120,0
1.3596649,-3.3035126,-0.17706299,3130,0
1.0603943,-3.210144,-0.4260559,3140,0
0.9119415,-3.2197113,-0.4380188,3150,0
0.63900757,-3.4735107,-0.1124115,3160,0
0.5336609,-4.02417,0.42388916,3170,0
0.45465088,-4.412033,0.7303467,3180,0
0.30381775,-5.996994,1.7263336,3190,0
0.24397278,-7.301834,2.763031,3200,0
0.04284668,-9.075943,4.1013794,3210,0
-0.23008728,-11.556335,5.889847,3220,0
-1.3409882,-14.71907,7.75972,3230,0
-4.1374207,-17.848297,9.481155,3240,0
-6.873993,-18.992722,10.692627,3250,0
-7.2163696,-17.177917,11.216949,3260,0
-6.3664246,-14.087006,10.151535,3270,0
-5.305786,-10.9913025,8.2960205,3280,0
-4.0225067,-8.338516,6.2513733,3290,0
-2.5237274,-6.5285034,4.3312225,3300,0
-1.2763519,-6.1214905,2.1836243,3310,0
-0.06967163,-7.3832397,-0.13874817,3320,0
0.79463196,-8.700043,-1.2712097,3330,0
3.7993622,-15.485214,-3.22966,3340,0
4.9126587,-21.870544,-3.2272644,3350,0
4.3979034,-27.78183,-2.0732574,3360,0
0.92152405,-26.898376,1.6640778,3370,0
0.2870636,-21.532974,3.8451996,3380,0
1.3333282,-5.7024994,5.506775,3390,0
2.750702,0.28060913,3.2155304,3400,0
4.1105957,1.1209717,2.0064545,3410,0
5.7889404,-0.06895447,-1.1107941,3420,0
7.7066956,-1.4073029,-5.300644,3430,0
7.4816437,-3.2268982,-8.001312,3440,0
4.7546387,-6.597931,-8.049194,3450,0
1.596695,-11.733505,-6.3134003,3460,0
-0.5676727,-15.983215,-4.1873474,3470,0
-2.399231,-17.86026,-0.6726532,3480,0
-4.585144,-16.59134,3.5100098,3490,0
-4.865265,-14.912994,4.2091217,3500,0
-3.3808594,-9.705612,2.288971,3510,0
-1.9826355,-7.9793854,0.7111969,3520,0
-1.3840942,-7.3592987,-0.22254944,3530,0
-0.65145874,-6.5117493,-1.9942627,3540,0
-0.41921997,-6.2124634,-3.126709,3550,0
-0.26361084,-6.7152557,-3.4235992,3560,0
-0.04812622,-7.7423706,-2.3366241,3570,0
-0.009811401,-8.84848,-1.3765564,3580,0
0.24157715,-9.28183,-0.9503784,3590,0
0.20326233,-9.506897,-0.52900696,3600,0
0.06680298,-9.502106,0.3568573,3610,0
-0.36177063,-9.339294,0.9194946,3620,0
-0.94595337,-9.485352,1.3121338,3630,0
-1.0560913,-8.975372,0.9937134,3640,0
-1.3912659,-8.812576,0.18925476,3650,0
-1.5109863,-8.328949,-0.49308777,3660,0
-1.4942169,-7.9315033,-1.0054474,3670,0
-1.4702759,-8.000946,-1.1538849,3680,0
-1.4128265,-8.427109,-0.84742737,3690,0
-1.2763519,-9.257889,-0.2967682,3700,0
-1.2619934,-9.549988,0.2634735,3710,0
-1.2619934,-9.549988,0.2634735,3720,0
-0.9890442,-9.06636,1.1948242,3730,0
-0.54133606,-8.58992,0.90512085,3740,0
-0.14868164,-8.446259,0.7447052,3750,0
-0.948349,-8.733566,0.73753357,3760,0
-2.0281372,-9.327332,-0.03819275,3770,0
-3.3569183,-10.186844,-1.1898041,3780,0
-4.4654236,-11.31691,-1.8506012,3790,0
-5.0975037,-12.413452,-1.4866791,3800,0
-4.585144,-12.980881,-0.5337982,3810,0
-3.1605835,-12.753433,0.67767334,3820,0
-1.992218,-11.958557,1.7909851,3830,0
-2.2819214,-12.456543,1.937027,3840,0
-3.2755127,-13.967285,1.7742157,3850,0
-2.9379272,-14.5251465,1.802948,3860,0
-2.6194916,-14.230652,1.4581909,3870,0
-3.1725616,-14.446136,0.94821167,3880,0
-3.625061,-14.228256,0.7135925,3890,0
-3.5843658,-13.713501,0.7423248,3900,0
-2.1550293,-13.244247,0.88357544,3910,0
-0.14389038,-13.524368,0.76387024,3920,0
1.9677887,-14.235443,0.38557434,3930,0
4.1680603,-14.872299,0.02166748,3940,0
6.24144,-15.0590515,-0.66308594,3950,0
7.361923,-14.788498,-1.6925812,3960,0
6.8567505,-14.283325,-2.6335144,3970,0
4.6947937,-13.701538,-2.7292786,3980,0
1.4410706,-13.112564,-2.2001495,3990,0
-1.8940582,-12.585831,-0.30155945,4000,0
-2.4040222,-12.408661,0.12461853,4010,0
-2.7799072,-11.79335,0.32572937,4020,0
-2.775116,-11.304932,0.5938721,4030,0
-2.2938843,-10.5651245,0.8787842,4040,0
-2.2077026,-10.052765,0.76864624,4050,0
-1.8844757,-9.344086,-0.07171631,4060,0
-1.621109,-8.7982025,-1.0677032,4070,0
-1.4678802,-8.2092285,-1.9511566,4080,0
-0.9962311,-7.198883,-2.5233765,4090,0
-0.5149994,-6.1382446,-2.4371796,4100,0
0.06440735,-5.0584717,-1.8218689,4110,0
0.56718445,-4.127121,-1.031784,4120,0
1.0125122,-3.4926605,-0.339859,4130,0
1.3931885,-3.3322449,0.0934906,4140,0
1.7283783,-3.3753357,0.407135,4150,0
1.97258,-3.5022278,0.5531769,4160,0
2.0252533,-3.6937714,0.5483856,4170,0
1.6876678,-4.036148,0.1222229,4180,0
1.5224762,-4.127121,-0.03579712,4190,0
1.2279816,-4.1797943,-0.30633545,4200,0
1.0579987,-4.088806,-0.37817383,4210,0
1.0244751,-4.055298,-0.16268921,4220,0
0.9047699,-4.407242,0.17250061,4230,0
0.57676697,-5.2356415,0.8021698,4240,0
0.21524048,-6.4135895,1.7311249,4250,0
-0.0960083,-8.534851,3.8763275,4260,0
-0.09840393,-9.391968,4.862732,4270,0
0.33255005,-11.544357,7.0438538,4280,0
0.4642334,-14.910599,9.031052,4290,0
-1.3769073,-19.507477,11.528198,4300,0
-5.6577454,-22.457123,13.697342,4310,0
-7.858017,-17.52507,13.03894,4320,0
-7.1373596,-14.977646,11.827469,4330,0
-6.2084045,-12.619354,10.450806,4340,0
-3.546051,-7.629837,5.6193085,4350,0
-1.7456207,-6.7774963,2.0208282,4360,0
0.23918152,-8.989746,-3.0572815,4370,0
3.3516388,-13.720688,-7.388397,4380,0
6.183975,-19.095673,-8.008484,4390,0
6.890274,-25.059631,-6.119461,4400,0
2.8943481,-25.5672,-4.2591705,4410,0
0.9670105,-14.929764,0.55796814,4420,0
1.6254272,-1.3330841,7.0582275,4430,0
1.8241425,1.0778809,6.325592,4440,0
2.0491943,0.06991577,3.0742645,4450,0
2.6381683,-1.1152191,1.7646484,4460,0
4.551132,-3.2628174,-1.9296112,4470,0
5.6357117,-5.2787323,-5.329376,4480,0
4.874359,-7.479004,-6.7539215,4490,0
2.554367,-11.00087,-6.3540955,4500,0
-0.41204834,-15.604919,-2.9710846,4510,0
-2.162201,-16.11728,0.73513794,4520,0
-3.6585846,-14.496414,3.5124054,4530,0
-3.953064,-11.407883,2.8851318,4540,0
-3.3329773,-8.996933,1.4749451,4550,0
-2.37529,-7.5316772,-0.2895813,4560,0
-1.4726715,-6.4973755,-2.3845062,4570,0
-0.90763855,-6.1765594,-3.2248688,4580,0
0.27508545,-6.2196503,-4.7140656,4590,0
0.57676697,-7.423935,-3.770752,4600,0
0.7467499,-8.836517,-1.5608978,4610,0
0.47381592,-9.602661,-0.33267212,4620,0
-0.002639771,-9.798981,0.9075165,4630,0
0.11228943,-9.16452,1.4318542,4640,0
-0.13671875,-8.984955,1.6760559,4650,0
-0.14149475,-8.618637,1.2570648,4660,0
-0.48866272,-8.647369,0.6154175,4670,0
-0.51979065,-8.398376,-0.4452057,4680,0
-0.9674988,-8.240356,-1.3861237,4690,0
-1.008194,-8.120651,-1.5848541,4700,0
-1.1757965,-8.063187,-1.5321808,4710,0
-1.4056396,-8.321762,-0.8354645,4720,0
-1.3553619,-9.047211,-0.11959839,4730,0
-1.190155,-9.73674,0.8117523,4740,0
-0.78793335,-9.4207,1.3241119,4750,0
-0.49105835,-8.989746,1.4964905,4760,0
0.36846924,-8.123047,1.1828461,4770,0
-0.8980713,-9.822922,1.3432617,4780,0
-1.7073059,-10.342468,1.3145294,4790,0
-3.3377533,-10.285004,0.3903656,4800,0
-5.2794495,-11.027206,-0.5840759,4810,0
-5.459015,-10.419083,-1.6040039,4820,0
-5.743927,-11.194809,-1.4411926,4830,0
-5.5045166,-12.023193,-0.17944336,4840,0
-4.056015,-12.190796,1.4701538,4850,0
-3.2348022,-12.231491,2.6624603,4860,0
-3.4215546,-12.923416,2.719925,4870,0
-3.6944885,-13.9409485,2.095047,4880,0
-3.7184296,-14.67598,1.5084686,4890,0
-3.52211,-14.692734,0.996109,4900,0
-3.52211,-14.692734,0.996109,4910,0
-1.992218,-13.249023,0.07434082,4920,0
-0.6347046,-13.581818,-0.09565735,4930,0
0.9047699,-15.138062,0.22756958,4940,0
3.4282532,-16.296844,0.7542877,4950,0
6.150467,-16.57219,0.69203186,4960,0
8.163986,-16.172348,-0.17227173,4970,0
8.195114,-15.327194,-1.2903595,4980,0
5.5279694,-14.398239,-2.24086,4990,0
2.2239685,-13.565063,-2.513794,5000,0
-0.48387146,-13.012009,-2.1187592,5010,0
-2.3106537,-12.7031555,-1.5297852,5020,0
-3.5675964,-12.578659,-1.0006561,5030,0
-3.7615356,-12.396698,0.05757141,5040,0
-2.9929962,-11.917847,1.0511627,5050,0
-2.2675476,-11.221146,1.1948242,5060,0
-1.3050842,-9.968979,0.50050354,5070,0
-0.94595337,-9.042419,-0.7037811,5080,0
-0.7209015,-8.367249,-1.6710358,5090,0
-0.40246582,-7.593918,-2.3414154,5100,0
-0.17741394,-7.1342316,-2.5090027,5110,0
0.41156006,-5.759964,-2.4994354,5120,0
0.71562195,-4.8573456,-1.8362427,5130,0
0.8688507,-4.0098114,-0.9982605,5140,0
1.031662,-3.4088593,-0.27282715,5150,0
1.3596649,-3.0928192,0.23953247,5160,0
1.699646,-3.0377655,0.411911,5170,0
2.027649,-3.052124,0.43585205,5180,0
2.0707397,-3.0928192,0.407135,5190,0
1.680481,-3.1095886,-0.07171631,5200,0
1.2231903,-3.0162048,-0.52182007,5210,0
0.76589966,-3.100006,-0.8570099,5220,0
0.55999756,-3.3346405,-0.81391907,5230,0
0.5336609,-3.5477295,-0.6128082,5240,0
0.29185486,-4.850174,0.5076904,5250,0
0.19369507,-6.166977,1.6569061,5260,0
0.07876587,-7.8094025,3.0886383,5270,0
0.3157959,-9.796585,5.0949707,5280,0
0.55999756,-11.010452,6.344757,5290,0
0.60310364,-16.055038,10.024643,5300,0
-4.467819,-20.874557,12.040558,5310,0
-6.0982666,-20.532196,12.157867,5320,0
-7.1253815,-17.429306,11.614395,5330,0
-6.502899,-13.488449,9.670303,5340,0
-5.6433716,-10.2491,7.1324463,5350,0
-4.1398163,-8.099106,5.142868,5360,0
-2.605133,-8.130234,3.49086,5370,0
-1.4080353,-11.204376,0.25390625,5380,0
1.2902374,-16.730194,-4.0125732,5390,0
4.1656647,-23.175385,-5.4059906,5400,0
4.874359,-26.321365,-4.941513,5410,0
2.068344,-24.951889,-5.221634,5420,0
2.0707397,-19.002304,-4.620697,5430,0
4.467346,-2.171051,3.3687592,5440,0
5.566284,3.5606537,5.913788,5450,0
5.8009033,4.245407,5.676773,5460,0
6.0355377,1.252655,3.0886383,5470,0
7.30925,-1.2157745,-0.85461426,5480,0
7.0147705,-4.02417,-5.4850006,5490,0
5.063492,-7.7136383,-7.364456,5500,0
1.9055481,-13.0550995,-6.885605,5510,0
-0.9339752,-17.395782,-5.8130035,5520,0
-2.775116,-18.837097,-2.501831,5530,0
-4.2954407,-16.91455,2.446991,5540,0
-4.1805115,-13.043121,4.0702515,5550,0
-3.2108612,-8.247543,1.6209869,5560,0
-2.69133,-7.4574585,0.78541565,5570,0
-1.6737823,-6.301056,-1.1155853,5580,0
-0.95791626,-5.4606934,-3.0932007,5590,0
-0.31388855,-5.1757812,-4.443527,5600,0
0.34213257,-5.886856,-5.1402435,5610,0
0.6318207,-7.95784,-3.904831,5620,0
0.43789673,-10.076706,-1.9200287,5630,0
-0.20375061,-10.603439,0.6824646,5640,0
-0.21810913,-10.203598,1.4390259,5650,0
-0.25402832,-9.327332,2.0567322,5660,0
-0.38571167,-8.781448,2.0974426,5670,0
-0.2612152,-8.637802,1.8149261,5680,0
-0.000244,-8.340912,0.94821167,5690,0
-0.3234558,-8.340912,-0.13395691,5700,0
-0.21810913,-7.926712,-0.5888519,5710,0
-0.83102417,-7.7112427,-1.8601837,5720,0
-1.1039734,-7.8333435,-1.948761,5730,0
-1.3409882,-8.673706,-1.1060028,5740,0
-1.3984528,-9.846863,0.46458435,5750,0
-1.3457794,-9.770248,1.0272217,5760,0
-0.9387665,-9.202835,1.3863525,5770,0
-0.02418518,-8.843704,1.6712646,5780,0
0.01651001,-9.906723,1.779007,5790,0
-0.000244,-10.019257,1.5276184,5800,0
-0.6371002,-10.4023285,1.7071838,5810,0
-2.6218872,-9.988129,-0.17706299,5820,0
-2.9235687,-9.770248,-1.0198212,5830,0
-4.2786865,-10.658508,-1.8577881,5840,0
-5.1238403,-11.704773,-1.1778259,5850,0
-4.7838593,-11.913071,-0.7085724,5860,0
-3.7806854,-12.083054,0.15812683,5870,0
-3.2084656,-12.552322,0.6824646,5880,0
-3.2204437,-13.646469,0.8021698,5890,0
-3.3090363,-15.169174,0.08869934,5900,0
-3.2707214,-15.372681,-0.06932068,5910,0
-3.1725616,-15.130875,-0.33506775,5920,0
-2.8158264,-14.355148,-0.57688904,5930,0
-2.0041962,-13.816452,-0.60562134,5940,0
-0.8645477,-13.981659,-0.26324463,5950,0
2.9733582,-14.635269,1.2834015,5960,0
6.1289215,-15.037491,1.8197021,5970,0
8.49678,-15.145233,1.4246674,5980,0
9.329956,-14.764557,-0.03100586,5990,0
7.7569733,-14.194733,-1.4747162,6000,0
4.814499,-13.409439,-2.192978,6010,0
1.7211914,-12.818069,-2.39888,6020,0
-0.869339,-12.502045,-2.3533783,6030,0
-2.6625977,-12.26741,-1.7667999,6040,0
-3.52211,-11.944183,-1.2352905,6050,0
-3.9075775,-11.556335,-0.5888519,6060,0
-3.6849213,-11.039185,-0.016647339,6070,0
-3.4574738,-10.72554,0.12701416,6080,0
-2.5716095,-9.748703,-0.5385742,6090,0
-2.0185547,-9.135788,-1.541748,6100,0
-1.3529663,-8.362457,-2.2743835,6110,0
-0.7328644,-7.490967,-2.7101288,6120,0
-0.15586853,-6.468643,-2.6502686,6130,0
0.4067688,-5.4415436,-2.1427002,6140,0
0.9263153,-4.601166,-1.4124603,6150,0
1.3812103,-4.036148,-0.6726532,6160,0
1.8121643,-3.8805237,0.009689331,6170,0
2.28862,-3.9236145,0.4765625,6180,0
2.5352173,-3.957138,0.65852356,6190,0
3.083496,-4.0193787,1.02005,6200,0
3.0930634,-3.9882507,0.99131775,6210,0
2.6932373,-3.9355774,0.6968231,6220,0
2.3460693,-3.9044647,0.47177124,6230,0
1.2279816,-3.811081,-0.18423462,6240,0
0.7970276,-4.036148,-0.32070923,6250,0
0.6629486,-4.4647064,-0.04777527,6260,0
0.4929657,-5.336197,0.60105896,6270,0
0.4714203,-5.90123,1.0846863,6280,0
0.49536133,-7.807007,2.9354095,6290,0
0.5647888,-9.092697,4.9273834,6300,0
0.95983887,-10.802155,7.534668,6310,0
1.0364532,-13.562668,9.3949585,6320,0
-0.5676727,-17.185104,10.3694,6330,0
-4.079956,-20.13475,11.224136,6340,0
-6.162918,-18.841888,11.451584,6350,0
-6.067154,-14.860321,10.163498,6360,0
-5.344101,-11.106216,7.9440765,6370,0
-4.3576965,-8.245148,5.9042206,6380,0
-3.218048,-6.621872,4.177994,6390,0
-2.526123,-7.309021,1.4294586,6400,0
-0.51979065,-10.191635,-2.6742096,6410,0
2.8392792,-15.183548,-5.834549,6420,0
5.3579865,-21.372559,-6.169739,6430,0
5.298126,-27.144974,-5.5233154,6440,0
2.8177338,-24.734009,-4.3333893,6450,0
2.8656158,-19.107635,-1.2831726,6460,0
3.7682343,-2.9946594,7.6878967,6470,0
3.9669495,1.6022034,7.16835,6480,0
3.7538605,0.3691864,5.068634,6490,0
5.197571,-1.7185516,1.1708832,6500,0
6.749008,-3.6363068,-4.0604553,6510,0
6.246231,-5.3625336,-7.47937,6520,0
4.1129913,-8.123047,-8.08989,6530,0
1.0651855,-12.281769,-6.854492,6540,0
-0.9674988,-15.959259,-4.153824,6550,0
-1.7097015,-16.885818,-2.1642456,6560,0
-4.237976,-15.58577,3.8499908,6570,0
-4.288254,-11.994461,3.344818,6580,0
-3.814209,-9.030441,1.3408661,6590,0
-2.799057,-7.191696,-0.70617676,6600,0
-1.8318024,-6.099945,-2.513794,6610,0
-1.0249634,-5.448715,-4.4363403,6620,0
-0.20375061,-5.5157623,-5.8130035,6630,0
0.40916443,-7.1222687,-5.044464,6640,0
0.81378174,-8.075165,-3.6773834,6650,0
0.70843506,-10.004883,-0.6247711,6660,0
0.5240936,-9.803772,1.1732788,6670,0
0.46902466,-9.035233,1.9897003,6680,0
-0.08404541,-8.982559,2.4062805,6690,0
-0.00743103,-8.76709,1.9346313,6700,0
-0.02178955,-8.678497,1.530014,6710,0
-0.11994934,-8.587524,-0.35183716,6720,0
-0.17741394,-8.295425,-0.6726532,6730,0
-0.76638794,-8.067978,-1.4699249,6740,0
-1.0848083,-7.823761,-1.4555664,6750,0
-1.2739563,-8.108673,-1.2783813,6760,0
-1.2595978,-8.678497,-0.6463165,6770,0
-0.91482544,-9.372818,-0.15072632,6780,0
-0.6418915,-9.593079,0.6968231,6790,0
-0.17262268,-9.116638,1.2067871,6800,0
0.78504944,-8.4223175,1.4797363,6810,0
0.52648926,-9.363235,1.1804504,6820,0
0.50971985,-9.111847,0.7231598,6830,0
-1.2787476,-10.308945,0.64894104,6840,0
-2.739212,-10.742294,-0.54815674,6850,0
-4.044052,-11.039185,-1.6111755,6860,0
-4.9155426,-11.55394,-1.7189178,6870,0
-5.1765137,-11.848419,-1.383728,6880,0
-4.130234,-12.3320465,0.14376831,6890,0
-3.1198883,-12.382324,0.917099,6900,0
-2.8613129,-12.475708,1.0415955,6910,0
-2.9355316,-13.74942,0.31375122,6920,0
-2.8230133,-14.958496,-0.40211487,6930,0
-3.004959,-15.715057,-0.51223755,6940,0
-3.067215,-15.008774,-0.48112488,6950,0
-3.012146,-14.10376,-0.4835205,6960,0
-2.7008972,-13.909836,-0.24888611,6970,0
-1.2332611,-14.441345,0.08151245,6980,0
1.1920776,-15.334381,0.70401,6990,0
4.5607147,-15.695908,1.6473236,7000,0
7.855133,-15.396622,1.5132446,7010,0
9.856689,-14.903427,0.5938721,7020,0
10.433685,-14.087006,-0.49787903,7030,0
8.439316,-13.229874,-1.5249939,7040,0
4.9365997,-12.454147,-2.0493164,7050,0
1.5535889,-12.037567,-1.9176483,7060,0
-1.4439392,-11.946579,-1.6925812,7070,0
-3.5077515,-12.001648,-1.1874084,7080,0
-4.0512238,-11.994461,-0.48112488,7090,0
-4.0512238,-11.994461,-0.48112488,7100,0
-3.0887604,-10.773422,-0.06452942,7110,0
-2.8493347,-10.256271,-0.40690613,7120,0
-2.509369,-9.571533,-1.2879639,7130,0
-1.8820801,-8.740753,-2.4635162,7140,0
-1.4176025,-8.123047,-2.7891235,7150,0
-0.89328,-7.3042297,-2.939972,7160,0
-0.63230896,-6.79187,-2.7292786,7170,0
0.1386261,-5.688141,-1.92482,7180,0
1.134613,-4.2276764,-0.7803955,7190,0
1.3189697,-3.9212189,-0.4595642,7200,0
1.7858276,-3.538147,0.05757141,7210,0
2.2718506,-3.3418274,0.2993927,7220,0
2.5974731,-3.2053528,0.3688202,7230,0
2.6669006,-3.0545197,0.2778473,7240,0
2.4107208,-2.8893127,-0.023834229,7250,0
1.9486389,-2.755249,-0.5242157,7260,0
1.2710724,-2.566101,-1.0700989,7270,0
1.0579987,-2.5924377,-1.0581207,7280,0
0.73716736,-2.8964996,-0.72532654,7290,0
0.5552063,-3.2316895,-0.46195984,7300,0
0.11946106,-5.582794,1.1924286,7310,0
-0.18937683,-7.2994385,2.5044556,7320,0
-0.6993561,-9.152557,4.7741547,7330,0
-0.38571167,-11.604218,7.7070465,7340,0
-0.012207031,-13.119736,8.904144,7350,0
-0.89328,-19.162704,11.343842,7360,0
-2.830185,-21.55931,12.22731,7370,0
-6.399948,-23.21849,13.228073,7380,0
-6.194046,-16.402191,10.357437,7390,0
-5.4183197,-13.744629,8.894577,7400,0
-3.6035156,-9.437454,6.5290985,7410,0
-0.8190613,-8.537247,4.0463104,7420,0
-0.16065979,-10.280212,2.202774,7430,0
3.1146088,-18.559372,-5.8201904,7440,0
6.160034,-24.010971,-6.3828278,7450,0
6.447342,-26.445877,-5.59993,7460,0
2.7890015,-26.692474,-5.0612335,7470,0
1.3333282,-15.839554,-2.683792,7480,0
3.229538,-4.2109222,3.241867,7490,0
5.07547,5.0091553,5.9784393,7500,0
5.147293,5.179138,5.4134064,7510,0
5.674011,2.5670624,2.3775635,7520,0
6.739441,0.58706665,-2.034958,7530,0
5.7985077,-2.360199,-6.7347717,7540,0
3.411499,-7.7854614,-8.154541,7550,0
0.11468506,-15.195511,-7.218399,7560,0
-2.605133,-20.829071,-6.41156,7570,0
-3.4454956,-21.82985,-4.5560455,7580,0
-5.327347,-17.62323,3.2155304,7590,0
-4.0823517,-12.336838,4.0032196,7600,0
-2.7368164,-8.532455,2.810913,7610,0
-1.5157776,-6.4854126,1.4940948,7620,0
-0.2947235,-5.443939,-0.37338257,7630,0
0.47859192,-5.0225525,-2.3773346,7640,0
1.1250305,-5.020157,-4.0843964,7650,0
1.3860016,-5.853348,-5.1354523,7660,0
1.0125122,-7.95784,-4.987015,7670,0
0.5935211,-10.5651245,-2.6909637,7680,0
-0.13432312,-11.343246,-0.5553436,7690,0
-0.61795044,-10.701599,1.1636963,7700,0
-0.59161377,-9.698425,2.0208282,7710,0
-0.22529602,-8.870041,2.0782776,7720,0
-0.22529602,-8.870041,2.0782776,7730,0
0.01651001,-8.7982025,1.6736603,7740,0
0.27508545,-8.443863,0.15812683,7750,0
0.27268982,-8.321762,-0.9096832,7760,0
0.24157715,-8.228394,-1.869751,7770,0
-0.04333496,-8.498932,-2.1977692,7780,0
-0.31626892,-9.047211,-1.7237091,7790,0
-0.46232605,-9.310562,-1.3190918,7800,0
-0.89567566,-9.547592,0.6537323,7810,0
-0.7424469,-9.193253,1.826889,7820,0
-0.17262268,-8.644974,1.9777222,7830,0
0.13383484,-9.221985,2.6385193,7840,0
-0.04573059,-8.90834,2.1213837,7850,0
-1.6450653,-9.8923645,1.3360748,7860,0
-3.2587433,-10.775818,0.14376831,7870,0
-3.8429413,-11.005661,-0.6439209,7880,0
-5.138199,-11.513229,-1.8817291,7890,0
-5.4374695,-11.800537,-1.6375122,7900,0
-4.877228,-12.178818,-0.09805298,7910,0
-3.6154938,-11.886734,0.9314575,7920,0
-3.256363,-11.831665,1.316925,7930,0
-3.5604248,-13.038345,1.3935394,7940,0
-3.7687225,-13.742233,1.079895,7950,0
-3.8261719,-15.583374,-0.05255127,7960,0
-3.2779083,-15.339172,-0.70617676,7970,0
-2.5357056,-14.393463,-1.359787,7980,0
-1.5876007,-13.770966,-1.6016083,7990,0
-1.0680542,-13.679993,-1.5321808,8000,0
1.7403412,-14.3120575,0.23953247,8010,0
4.982086,-14.965668,2.2746124,8020,0
6.6867676,-15.123688,2.6935883,8030,0
10.0386505,-15.01355,1.779007,8040,0
9.04744,-14.223465,-1.0509338,8050,0
7.6468353,-13.909836,-1.8170776,8060,0
4.5224,-13.306488,-2.6622314,8070,0
1.8121643,-12.894684,-2.6526642,8080,0
-0.07206726,-12.573868,-2.0182037,8090,0
-1.2548065,-12.054321,-1.438797,8100,0
-2.415985,-11.575485,-0.9767151,8110,0
-3.388031,-11.331268,-0.339859,8120,0
-3.75914,-11.146927,0.17250061,8130,0
-3.2922668,-10.6992035,0.19644165,8140,0
-2.4519043,-9.961792,-0.33267212,8150,0
-1.5756226,-9.044815,-1.2137451,8160,0
-0.70173645,-7.7782745,-2.1211548,8170,0
-0.23487854,-6.818207,-2.585617,8180,0
0.14579773,-5.9131927,-2.4730988,8190,0
0.48098755,-5.07283,-2.0253754,8200,0
0.8401184,-4.34021,-1.3765564,8210,0
1.2016449,-3.8398132,-0.7205353,8220,0
1.4243011,-3.6937714,-0.41168213,8230,0
2.0803223,-3.4878693,0.35923767,8240,0
2.592682,-3.3968964,0.7447052,8250,0
2.96138,-3.344223,0.94104004,8260,0
2.96138,-3.344223,0.94104004,8270,0
3.0379944,-3.2316895,0.73753357,8280,0
2.6740875,-3.1526794,0.29699707,8290,0
2.0132751,-3.0329742,-0.09805298,8300,0
1.3740234,-3.1742249,-0.10762024,8310,0
0.97898865,-3.7392578,0.26586914,8320,0
0.5576019,-4.9243927,1.024826,8330,0
0.14341736,-6.617096,1.9801178,8340,0
-0.48387146,-8.443863,3.2322845,8350,0
-0.5269623,-10.15094,5.480438,8360,0
0.5839386,-12.106995,8.442078,8370,0
1.7331543,-15.217056,10.592056,8380,0
-0.09121704,-19.87378,11.714951,8390,0
-4.8676605,-23.307068,12.7229,8400,0
-7.151718,-20.560928,12.672623,8410,0
-6.213196,-14.917786,10.690231,8420,0
-4.6545715,-10.368805,7.8052063,8430,0
-3.0552368,-7.5604095,5.274536,8440,0
-2.2220612,-7.064804,4.1684265,8450,0
-0.28515625,-9.717575,-0.5936432,8460,0
1.6062622,-13.071854,-4.110733,8470,0
4.0866547,-17.113266,-5.202484,8480,0
5.166443,-21.73648,-4.1203003,8490,0
3.2079926,-23.062866,-3.2512054,8500,0
0.45225525,-16.277695,-1.0365753,8510,0
0.22241211,-12.020798,0.43585205,8520,0
2.1904602,-1.7592621,3.3400269,8530,0
3.6341553,0.63734436,3.9194183,8540,0
4.5439606,-0.4089203,3.107788,8550,0
6.2246857,-1.740097,0.7614746,8560,0
7.273346,-2.941986,-2.288742,8570,0
6.373123,-4.467102,-4.941513,8580,0
3.9094849,-7.684906,-5.5328827,8590,0
2.4442444,-10.021652,-5.1881256,8600,0
-0.9698944,-16.114883,-3.8569489,8610,0
-2.2196655,-17.278473,-1.6925812,8620,0
-3.60112,-15.624084,1.0679321,8630,0
-3.6059113,-12.284164,1.6808472,8640,0
-3.1318512,-9.482956,0.95539856,8650,0
-1.9467316,-7.8213806,0.20362854,8660,0
-1.1159363,-6.894821,-1.4340057,8670,0
-0.4790802,-6.2316284,-3.1889648,8680,0
0.4570465,-6.7487793,-4.773926,8690,0
0.73716736,-8.393585,-3.8760986,8700,0
0.92152405,-9.159729,-2.743637,8710,0
0.85209656,-10.079102,-0.8689728,8720,0
0.75154114,-9.978546,0.58909607,8730,0
0.739563,-9.576324,1.6616974,8740,0
0.6725311,-9.121429,2.1022186,8750,0
0.5935211,-8.697647,1.7191467,8760,0
0.4714203,-8.685684,1.3672028,8770,0
0.39241028,-8.132614,0.48135376,8780,0
-0.16783142,-8.072769,-0.59124756,8790,0
-0.46472168,-7.155792,-1.9344025,8800,0
-0.9100342,-7.519699,-2.1498718,8810,0
-2.0305176,-8.824539,-1.3981018,8820,0
-2.210083,-9.370422,-1.0198212,8830,0
-2.2124786,-10.162903,-0.6008301,8840,0
-1.9562988,-10.016861,-0.26564026,8850,0
-1.379303,-9.265076,-0.3255005,8860,0
-0.85736084,-8.599487,0.11264038,8870,0
-0.3521881,-8.783844,0.9075165,8880,0
-0.71131897,-9.700821,2.0782776,8890,0
-1.0536957,-10.251495,1.8939362,8900,0
-1.458313,-10.675262,0.3688202,8910,0
-1.8605347,-10.933838,-0.41407776,8920,0
-3.395218,-11.841232,-1.1802216,8930,0
-3.625061,-12.118973,-0.849823,8940,0
-3.2587433,-12.432602,0.18685913,8950,0
-2.478241,-12.437393,1.3839569,8960,0
-2.2723389,-12.564285,1.7071838,8970,0
-2.8684998,-13.555481,1.2067871,8980,0
-3.486206,-15.463669,0.04081726,8990,0
-3.3090363,-15.38945,-0.1411438,9000,0
-3.411972,-15.039886,-0.20339966,9010,0
-3.6178741,-14.022354,-0.32789612,9020,0
-2.7918854,-13.284943,-0.5457611,9030,0
-1.2500153,-13.826035,-0.33029175,9040,0
1.1298218,-14.599365,0.34727478,9050,0
4.448181,-15.0638275,1.0894775,9060,0
7.424179,-15.128479,0.82850647,9070,0
9.143219,-14.75499,-0.260849,9080,0
8.6548,-14.134888,-1.6686401,9090,0
5.9948425,-13.37114,-2.5113983,9100,0
2.853653,-12.705551,-2.671814,9110,0
0.11228943,-12.514008,-2.24086,9120,0
-1.8557434,-12.530762,-1.6830139,9130,0
-2.7128754,-12.4661255,-0.96954346,9140,0
-2.787094,-12.303314,-0.30873108,9150,0
-2.0305176,-11.841232,0.05278015,9160,0
-1.1446686,-11.134949,-0.21775818,9170,0
-0.9794769,-10.512451,-1.276001,9180,0
-0.87413025,-9.870804,-2.3007202,9190,0
-0.79512024,-9.40155,-2.9663086,9200,0
-0.5509033,-8.779053,-3.078827,9210,0
-0.13432312,-7.866867,-2.6335144,9220,0
0.34692383,-6.6745453,-2.08284,9230,0
0.90956116,-5.3888702,-1.3885193,9240,0
1.3788147,-4.2324677,-0.7013855,9250,0
1.644577,-3.5118103,-0.13635254,9260,0
1.886383,-3.1478882,0.22996521,9270,0
2.2311554,-2.9826965,0.43107605,9280,0
2.3221283,-3.0904388,0.3568573,9290,0
2.1593323,-3.2029572,0.07434082,9300,0
1.8097687,-3.246048,-0.39971924,9310,0
1.3668518,-3.2484436,-0.90249634,9320,0
0.9885559,-3.217331,-1.201767,9330,0
0.84251404,-3.155075,-1.1036072,9340,0
0.8257599,-3.2316895,-0.72532654,9350,0
0.7754822,-3.7177124,-0.12438965,9360,0
0.6318207,-4.7113037,0.8452606,9370,0
0.3948059,-6.2196503,2.2003937,9380,0
0.229599,-8.053604,4.3432007,9390,0
0.48817444,-10.019257,6.8331604,9400,0
1.6134491,-12.492462,8.820358,9410,0
1.8169556,-16.49318,10.683044,9420,0
-1.6067505,-22.663025,13.568054,9430,0
-4.1134796,-25.148209,14.621506,9440,0
-6.68486,-20.9823,12.270401,9450,0
-4.9394836,-13.9361725,9.040619,9460,0
-3.9195557,-10.816513,7.6088867,9470,0
-1.1614227,-5.15184,3.7542267,9480,0
-0.4503479,-5.099167,2.221939,9490,0
1.0579987,-7.8764343,-2.367752,9500,0
4.9126587,-16.395004,-7.589508,9510,0
6.930969,-22.141098,-6.3349457,9520,0
5.5878296,-26.292648,-4.9104004,9530,0
2.161728,-21.209747,-2.6358948,9540,0
2.554367,-10.58429,4.6305084,9550,0
2.7770386,-2.0178223,6.4261475,9560,0
2.9206848,0.69480896,5.537903,9570,0
3.083496,0.54875183,3.1844025,9580,0
4.6900024,-1.3690033,-0.6175842,9590,0
5.9637146,-3.435196,-5.075592,9600,0
5.5447235,-5.64505,-7.7930145,9610,0
3.7897797,-9.380005,-7.5990753,9620,0
1.8672333,-13.232269,-5.913559,9630,0
0.5839386,-15.8228,-3.2631836,9640,0
-1.0895996,-16.488388,0.60105896,9650,0
-2.6745605,-14.505981,3.284958,9660,0
-3.0935516,-11.1996,2.731903,9670,0
-3.2156525,-8.700043,1.4533997,9680,0
-2.8804626,-7.160568,-0.39492798,9690,0
-2.0353088,-6.1765594,-2.2001495,9700,0
-1.2428284,-5.6785583,-3.921585,9710,0
-0.63949585,-6.0472717,-4.955887,9720,0
0.12904358,-7.2371826,-4.292694,9730,0
0.75393677,-8.826935,-2.3964844,9740,0
0.8568878,-9.980942,-0.56970215,9750,0
0.6725311,-10.191635,0.6345825,9760,0
0.5863342,-10.0551605,1.0942688,9770,0
0.7108307,-9.260284,1.723938,9780,0
0.26791382,-8.814972,2.142929,9790,0
0.45465088,-8.245148,1.8292847,9800,0
0.06918335,-8.199661,0.78541565,9810,0
-0.08642578,-7.787857,-0.65589905,9820,0
-0.79512024,-8.149384,-1.6614685,9830,0
-1.2164917,-8.261902,-1.9798889,9840,0
-1.3362122,-8.439072,-1.809906,9850,0
-1.2332611,-8.78624,-1.1083984,9860,0
-0.9914398,-9.128601,-0.27043152,9870,0
-0.7615967,-9.255508,0.4190979,9880,0
0.07157898,-8.508514,0.91230774,9890,0
-0.05770874,-9.269867,1.4342346,9900,0
0.030883789,-9.253113,1.0703278,9910,0
0.4642334,-9.2243805,0.5675354,9920,0
-0.42640686,-10.2682495,0.38557434,9930,0
-1.7073059,-11.302536,-0.6104126,9940,0
-2.8349762,-11.948975,-1.1251526,9950,0
-3.4646454,-12.511612,-1.0916443,9960,0
-3.5173187,-12.751038,-0.54096985,9970,0
-2.7176666,-12.506821,0.06715393,9980,0
-2.3465576,-12.710327,0.4478302,9990,0
-2.854126,-13.902649,0.5938721,10000,0
-3.3712769,-15.279312,0.10307312,10010,0
-3.608307,-16.380646,-0.3685913,10020,0
-3.771103,-16.42134,-0.4667511,10030,0
-3.704071,-15.48761,-0.2776184,10040,0
-3.5556335,-14.862717,0.10545349,10050,0
-2.1885376,-14.266571,0.48614502,10060,0
1.4003601,-13.299301,1.3600159,10070,0
2.9398346,-12.990463,1.8316803,10080,0
6.071457,-12.50444,2.3248901,10090,0
8.233414,-12.329651,1.3576202,10100,0
8.542267,-12.317688,-0.40690613,10110,0
7.2206726,-12.315292,-1.7476501,10120,0
4.8839264,-12.2267,-2.0732574,10130,0
2.257492,-12.073471,-1.5585175,10140,0
-0.07685852,-11.996857,-1.4962616,10150,0
-1.7839203,-12.068695,-1.4795074,10160,0
-2.399231,-12.186005,-1.4196472,10170,0
-2.7846985,-12.442184,-0.78518677,10180,0
-2.241211,-12.078262,-0.39971924,10190,0
-1.9970093,-11.604218,-0.75645447,10200,0
-1.8988495,-10.952988,-1.4340057,10210,0
-1.8629303,-10.478943,-2.0062256,10220,0
-1.300293,-9.444641,-2.3629608,10230,0
-1.0895996,-9.10228,-2.3342285,10240,0
-0.34739685,-8.0464325,-1.7500458,10250,0
0.6198578,-6.166977,-1.5608978,10260,0
0.8784332,-5.56604,-1.2975464,10270,0
1.3764191,-4.4647064,-0.67744446,10280,0
1.644577,-3.720108,-0.18423462,10290,0
1.9199066,-3.301117,0.1557312,10300,0
2.2790375,-3.0976105,0.14616394,10310,0
2.427475,-3.052124,0.01927185,10320,0
2.1210175,-3.1047974,-0.40690613,10330,0
1.9270935,-3.1167603,-0.5601349,10340,0
1.5009155,-3.1263428,-0.77560425,10350,0
0.9741974,-3.052124,-0.57688904,10360,0
0.8688507,-3.0736694,-0.3590088,10370,0
0.6318207,-3.53096,0.18685913,10380,0
0.2583313,-4.6227264,0.89793396,10390,0
0.2008667,-5.9706573,1.9418182,10400,0
-0.07206726,-8.33374,4.1851807,10410,0
-0.07446289,-9.121429,5.3655243,10420,0
1.1010895,-12.2482605,8.853867,10430,0
1.3979645,-13.869125,9.397354,10440,0
0.6988678,-17.932083,10.398132,10450,0
-3.0887604,-22.100388,12.394897,10460,0
-6.2108,-20.759644,13.127518,10470,0
-6.854843,-13.524368,9.126816,10480,0
-6.4023438,-11.407883,7.438904,10490,0
-3.5843658,-7.6825104,3.7302856,10500,0
-0.9339752,-9.490128,0.028839111,10510,0
3.2510834,-14.465286,-5.18573,10520,0
5.4657135,-17.161148,-7.074753,10530,0
7.709091,-19.51944,-7.5703583,10540,0
10.505508,-26.769089,-5.0731964,10550,0
4.146515,-15.774918,-1.2855682,10560,0
2.6022491,-4.661026,5.621704,10570,0
1.9151154,-0.7297516,7.127655,10580,0
1.5727539,3.2565918,5.2122955,10590,0
2.2383423,1.1018219,1.0344086,10600,0
3.1481323,0.16567993,-0.7325134,10610,0
5.245453,-1.9603729,-4.852936,10620,0
5.130539,-6.822998,-8.082718,10630,0
3.952591,-9.466187,-7.9223022,10640,0
0.5432434,-16.59613,-4.881668,10650,0
-0.22290039,-17.869843,-3.1315002,10660,0
-2.8996277,-16.926529,3.2753754,10670,0
-3.6059113,-13.306488,4.098984,10680,0
-2.9618683,-9.300995,2.7223206,10690,0
-2.0975647,-7.249161,1.1493378,10700,0
-1.1231232,-6.2555695,-1.0030518,10710,0
-0.6131592,-5.853348,-2.1953735,10720,0
0.43310547,-5.451111,-4.2208557,10730,0
0.7970276,-6.222046,-4.493805,10740,0
0.90956116,-7.440689,-3.3828888,10750,0
0.6485901,-9.198044,-1.6806183,10760,0
0.19607544,-10.471756,-0.30633545,10770,0
-0.11994934,-10.608231,0.70640564,10780,0
-0.33543396,-10.124603,1.4749451,10790,0
-0.05531311,-9.238739,1.723938,10800,0
-0.02418518,-9.133392,1.826889,10810,0
0.5360565,-8.575546,1.3863525,10820,0
0.605484,-8.611465,0.4693756,10830,0
0.8784332,-7.8955994,-0.7013855,10840,0
0.62464905,-7.8405304,-1.3573914,10850,0
-0.16543579,-8.120651,-1.3526154,10860,0
-0.5149994,-8.328949,-1.2161407,10870,0
-1.2500153,-9.10228,-0.74687195,10880,0
-1.2859344,-9.504501,-0.15550232,10890,0
-1.0919952,-9.463791,0.7423248,10900,0
-0.17501831,-8.764694,1.7071838,10910,0
0.4355011,-8.285843,2.039978,10920,0
-0.2731781,-9.530838,2.063919,10930,0
-1.0680542,-9.411118,1.4079132,10940,0
-3.0169373,-10.792572,0.50289917,10950,0
-4.372055,-11.360001,-0.7803955,10960,0
-5.2267914,-11.628159,-1.299942,10970,0
-5.4997253,-12.0902405,-0.9264374,10980,0
-4.968216,-12.1141815,-0.49069214,10990,0
-2.581192,-11.884338,1.4007263,11000,0
-2.0808105,-12.111786,2.5212097,11010,0
-2.4925995,-12.8372345,2.8300629,11020,0
-3.0576324,-13.883499,2.2793884,11030,0
-3.1174927,-14.987213,1.4940948,11040,0
-3.0744019,-15.305649,0.76387024,11050,0
-2.6338654,-14.350357,0.13418579,11060,0
-1.9994049,-13.09819,-0.6247711,11070,0
-1.0465088,-12.693573,-1.1131897,11080,0
0.13143921,-13.938553,-0.8163147,11090,0
1.1441803,-14.750198,-0.49787903,11100,0
6.775345,-16.205872,-0.18423462,11110,0
7.9724426,-16.07898,-0.5314026,11120,0
9.4496765,-15.451691,-1.201767,11130,0
7.874283,-14.7669525,-1.6159668,11140,0
4.50325,-14.070236,-1.4675293,11150,0
1.7930145,-13.7230835,-1.4268341,11160,0
-0.05291748,-13.421417,-1.2855682,11170,0
-0.8430023,-12.770187,-1.0557251,11180,0
-1.5540771,-12.078262,-0.71813965,11190,0
-2.308258,-11.448593,0.02645874,11200,0
-2.5979462,-11.065521,0.56036377,11210,0
-2.0137634,-10.203598,0.8237152,11220,0
-1.4846497,-9.370422,0.17250061,11230,0
-1.1710052,-8.666534,-0.98150635,11240,0
-0.64668274,-7.7351837,-2.0660858,11250,0
-0.22529602,-7.0145264,-2.9663086,11260,0
0.27508545,-6.2076874,-3.2176971,11270,0
0.75154114,-5.2236633,-2.7580109,11280,0
1.1058807,-4.309082,-1.8745422,11290,0
1.328537,-3.6937714,-1.0269928,11300,0
1.5631714,-3.3992767,-0.31591797,11310,0
1.9486389,-3.100006,0.29460144,11320,0
2.202423,-2.9683228,0.6824646,11330,0
2.4179077,-2.925232,0.8787842,11340,0
2.3771973,-2.9874878,0.8045654,11350,0
2.3771973,-2.9874878,0.8045654,11360,0
1.7187958,-3.2747803,-0.007064819,11370,0
1.4338837,-3.3825226,-0.3685913,11380,0
1.3572693,-3.4399872,-0.4045105,11390,0
1.268692,-4.1414795,0.0934906,11400,0
1.055603,-5.293091,0.80696106,11410,0
0.78266907,-6.834961,1.8412628,11420,0
0.6150665,-8.393585,3.4190369,11430,0
0.61746216,-9.923477,5.317642,11440,0
1.4530334,-11.752655,7.5442505,11450,0
1.6924591,-14.8220215,9.758881,11460,0
-0.75201416,-19.548172,11.781982,11470,0
-4.893997,-22.73964,13.467499,11480,0
-6.806961,-20.994278,13.029358,11490,0
-5.573944,-15.671967,10.709381,11500,0
-3.8333588,-10.301773,8.068573,11510,0
-3.1653748,-8.067978,6.6823273,11520,0
-0.7999115,-4.7065125,2.3512268,11530,0
0.8497009,-7.064804,-0.86180115,11540,0
3.7059784,-12.336838,-4.6063232,11550,0
6.6005707,-19.450012,-6.1242523,11560,0
6.1217346,-28.902313,-4.699707,11570,0
3.7371063,-28.878372,-4.4770355,11580,0
2.044403,-19.038208,0.0647583,11590,0
3.265442,-6.882843,4.996811,11600,0
3.3253021,1.1233673,5.19075,11610,0
3.8520355,2.8639526,4.9034424,11620,0
4.795349,1.1784363,2.2051697,11630,0
6.08342,-0.5837097,-3.042923,11640,0
5.518387,-2.7624207,-7.347687,11650,0
3.6916199,-5.7863007,-8.042007,11660,0
0.5623932,-13.323257,-7.0268707,11670,0
-0.07685852,-15.420578,-6.126648,11680,0
-1.2931061,-17.769287,-1.7213135,11690,0
-2.794281,-17.311996,2.889923,11700,0
-2.7368164,-14.345581,3.3735504,11710,0
-2.2029114,-10.852432,1.9465942,11720,0
-2.0736237,-8.551605,0.8332977,11730,0
-1.6785736,-7.253952,-0.60801697,11740,0
-1.2883148,-6.444702,-2.446762,11750,0
-0.9100342,-6.0472717,-3.9191895,11760,0
-0.3521881,-6.660187,-4.6422424,11770,0
-0.016998291,-7.060013,-4.2400208,11780,0
0.45465088,-8.54921,-2.8968658,11790,0
0.3157959,-9.777435,-1.4890747,11800,0
0.09074402,-9.980942,-0.18183899,11810,0
0.25354004,-9.43985,0.8165436,11820,0
0.1673584,-9.16452,1.2474976,11830,0
0.63900757,-8.542023,1.1708832,11840,0
0.6318207,-8.491745,0.7878113,11850,0
1.1585541,-7.763916,0.20123291,11860,0
0.91433716,-7.9434814,-0.39971924,11870,0
0.5983124,-7.756729,-0.52900696,11880,0
0.3780365,-7.7423706,-0.4954834,11890,0
-0.4288025,-8.247543,-0.3685913,11900,0
-0.82862854,-8.937073,-0.39013672,11910,0
-0.8358154,-9.425491,-0.30395508,11920,0
-0.4096527,-9.10228,0.10784912,11930,0
-0.3306427,-8.874817,0.4190979,11940,0
0.03807068,-8.575546,1.000885,11950,0
0.4139557,-8.963409,1.7526703,11960,0
-0.45513916,-10.361618,1.7023926,11970,0
-1.2955017,-10.711182,0.92427063,11980,0
-1.8294067,-10.653717,-0.33746338,11990,0
-3.8022308,-11.642517,-1.2304993,12000,0
-5.3105774,-12.315292,-1.1850128,12010,0
-5.5906982,-12.8372345,-0.4452057,12020,0
-3.5915375,-12.30571,0.76387024,12030,0
-2.9834137,-12.008835,1.158905,12040,0
-2.53331,-11.805328,1.8220978,12050,0
-2.9738464,-12.446976,2.3967133,12060,0
-3.7447662,-13.672806,2.640915,12070,0
-3.83815,-14.127701,2.3727722,12080,0
-3.7519531,-14.199524,2.1381378,12090,0
-3.1965027,-13.770966,1.371994,12100,0
-1.8437805,-12.569077,-0.41168213,12110,0
-0.93637085,-13.045517,-1.1921997,12120,0
0.36128235,-14.637665,-1.2137451,12130,0
3.1553192,-15.762939,-0.849823,12140,0
6.4425507,-16.471619,-0.5170288,12150,0
9.243774,-16.739777,-0.67025757,12160,0
10.507904,-16.392624,-1.1826172,12170,0
8.195114,-15.777313,-1.9655304,12180,0
4.5056458,-14.83638,-2.1403046,12190,0
1.5703583,-14.455704,-2.0565033,12200,0
0.57437134,-14.304871,-1.6949768,12210,0
-0.39527893,-13.931381,-0.9144745,12220,0
-0.7256775,-13.373535,-0.55055237,12230,0
-1.1542511,-12.801315,-0.08847046,12240,0
-1.3912659,-11.676041,0.47416687,12250,0
-1.0249634,-10.84285,0.59866333,12260,0
-0.43119812,-9.509293,0.08151245,12270,0
-0.07925415,-8.288239,-0.72532654,12280,0
0.17692566,-7.1845093,-1.6925812,12290,0
0.30621338,-6.684128,-2.0014343,12300,0
0.5001526,-5.692932,-2.5592804,12310,0
0.40916443,-4.055298,-2.058899,12320,0
0.35888672,-3.3705597,-1.1514893,12330,0
0.42114258,-3.0449371,-0.40211487,12340,0
0.5552063,-2.9539642,-0.08128357,12350,0
0.85209656,-2.925232,0.22756958,12360,0
1.3668518,-3.0712738,0.43824768,12370,0
1.7403412,-3.1095886,0.5651398,12380,0
1.8552704,-3.1933746,0.48135376,12390,0
1.8337097,-3.2532349,0.3209381,12400,0
1.6781006,-3.348999,0.15812683,12410,0
1.5703583,-3.356186,0.10307312,12420,0
1.3883972,-3.5980072,0.14376831,12430,0
1.2471313,-4.225281,0.43585205,12440,0
0.88082886,-5.34816,0.9817352,12450,0
0.3948059,-6.902008,1.9154816,12460,0
0.19847107,-8.374435,3.5914154,12470,0
0.54563904,-9.753494,5.7868958,12480,0
1.194458,-11.836456,8.181107,12490,0
0.8951874,-15.19072,10.805145,12500,0
-2.0329132,-20.139542,13.228073,12510,0
-3.9578552,-22.143494,13.94873,12520,0
-5.8085785,-19.289597,13.055695,12530,0
-5.2602997,-16.723022,11.899292,12540,0
-2.7679443,-10.222763,8.157166,12550,0
-1.2260742,-7.9123535,5.5953674,12560,0
0.10270691,-8.269089,2.2434845,12570,0
1.8002014,-12.008835,-2.9184113,12580,0
5.2957306,-17.829132,-6.909546,12590,0
7.0554657,-24.209686,-5.5592194,12600,0
4.1441193,-27.422699,-4.024536,12610,0
1.0268707,-19.117218,-2.4802856,12620,0
2.2311554,-7.3832397,2.8276672,12630,0
3.0260315,1.1401215,4.503601,12640,0
3.7610474,4.31723,4.1851807,12650,0
3.6006317,3.632492,4.0199738,12660,0
5.3124847,0.778595,-0.5098572,12670,0
5.5997925,-1.6706696,-5.379654,12680,0
4.400299,-5.2117004,-7.869629,12690,0
2.4609985,-10.974533,-7.1896667,12700,0
-0.016998291,-16.610489,-6.9670105,12710,0
-1.7767334,-19.524231,-3.4092255,12720,0
-2.9738464,-18.501907,2.5092316,12730,0
-2.667389,-14.9010315,4.371933,12740,0
-1.8844757,-11.048752,2.9641418,12750,0
-1.7935028,-8.779053,1.644928,12760,0
-1.640274,-7.5316772,0.27305603,12770,0
-1.324234,-7.0504456,-0.59124756,12780,0
-0.32824707,-6.1598053,-3.4930267,12790,0
0.23439026,-6.2076874,-4.565628,12800,0
0.5240936,-6.8684845,-4.572815,12810,0
0.81378174,-7.9530487,-3.1554413,12820,0
0.85209656,-9.284225,-1.4244385,12830,0
0.5935211,-10.062347,-0.15789795,12840,0
0.4857788,-9.858841,0.76387024,12850,0
0.011734009,-9.803772,1.510849,12860,0
0.62464905,-8.702438,1.292984,12870,0
0.68688965,-8.458237,1.0056763,12880,0
0.6414032,-8.25473,0.31614685,12890,0
0.521698,-8.142197,-0.46195984,12900,0
0.26791382,-8.21402,-0.7779999,12910,0
0.014129639,-8.039246,-1.0365753,12920,0
-1.1949463,-9.025665,-1.165863,12930,0
-1.4607086,-8.910736,-1.0341797,12940,0
-1.3888855,-8.757507,-0.7037811,12950,0
-1.1566467,-8.661743,-0.04777527,12960,0
-0.53414917,-8.539642,0.72795105,12970,0
0.18650818,-8.419922,1.7215424,12980,0
1.0532074,-7.9793854,1.8867493,12990,0
0.11708069,-9.700821,1.9106903,13000,0
-0.9004669,-10.766235,0.9673767,13010,0
-1.8365936,-11.122986,0.11982727,13020,0
-2.241211,-11.15889,-0.24649048,13030,0
-3.4838104,-11.824478,-0.59124756,13040,0
-4.233185,-12.360779,-0.08847046,13050,0
-3.9195557,-12.229095,0.86442566,13060,0
-3.1031342,-11.93222,1.7646484,13070,0
-2.8996277,-11.9561615,1.937027,13080,0
-3.771103,-13.064682,2.1261597,13090,0
-4.470215,-13.739838,1.992096,13100,0
-4.470215,-13.739838,1.992096,13110,0
-4.5564117,-14.395859,1.348053,13120,0
-4.388809,-13.991226,0.6728821,13130,0
-3.6681519,-13.014404,-0.3255005,13140,0
-2.5955505,-12.6409,-1.3071136,13150,0
-1.3816986,-13.864334,-1.6542816,13160,0
0.41874695,-15.80603,-1.1562805,13170,0
3.2678375,-16.849915,-0.72532654,13180,0
6.191162,-16.948074,-0.87615967,13190,0
8.293274,-16.129257,-1.4890747,13200,0
7.558258,-14.996796,-2.2360687,13210,0
2.7866058,-13.615341,-2.2264862,13220,0
1.4099426,-13.43338,-2.075653,13230,0
-0.57484436,-13.311279,-1.7763824,13240,0
-1.6618195,-13.079041,-1.3693695,13250,0
-1.9706726,-12.6026,-0.95996094,13260,0
-2.1239014,-12.056717,-0.34465027,13270,0
-2.0903778,-11.53717,0.22038269,13280,0
-1.8150482,-11.091858,0.1557312,13290,0
-1.1757965,-10.316132,-0.96235657,13300,0
-0.85975647,-9.648148,-2.5090027,13310,0
-0.5652771,-8.841309,-3.3733215,13320,0
-0.14868164,-7.818985,-3.708496,13330,0
0.3229828,-6.5404816,-3.5409088,13340,0
0.92152405,-4.582016,-2.3725433,13350,0
1.086731,-4.0983887,-1.8960876,13360,0
1.3309326,-3.6004028,-0.9216461,13370,0
